<?xml version="1.0" encoding="UTF-8"?>
    <!DOCTYPE mapper
    PUBLIC "-//mybatis.org//DTD Mapper 3.0//EN"
    "http://mybatis.org/dtd/mybatis-3-mapper.dtd">
    <!--映射接口-->
    <mapper namespace="com.kgc.dao.UsersMapper">
        <insert id="insertUser" parameterType="Users">
        insert into user(age,username,password,email,sex)
        values (#{age},#{username},#{password},#{email},#{sex})
    </insert>
        <select id="findAll" resultType="users">
            select * from user

        </select>

    <!--更具di查询用户信息-->
    <select id="findById" resultType="Users">
        select * from user where id= #{id}

    </select>

        <!--更新更新用户-->
    <update id="Modifier" parameterType="Users">
        update user set age=#{age},username=#{username},password=#{password},email=#{email},sex=#{sex} where id=#{id}

    </update>

    <!--删除用户-->
    <delete id="deleteUser">
        delete from user where id=#{id}

    </delete>

    <!--根据用户名进行查询-->
    <select id="findUsername" parameterType="String" resultType="Users">
        select * from user where username=#{username}
    </select>


</mapper>
